{
  "prompt_v1_scores": {
    "faithfulness": 0.9791428571428571,
    "answer_relevancy": 0.912625051030956,
    "context_recall": 1.0,
    "context_precision": 0.9383333332609167
  },
  "prompt_v2_scores": {
    "faithfulness": 0.9285288600288601,
    "answer_relevancy": 0.8926119047922021,
    "context_recall": 1.0,
    "context_precision": 0.9483333332564166
  },
  "target_met": true
}